Prompt,Mood 1,Score 1,Emotion Number 1,Mood 2,Score 2,Emotion Number 2,Mood 3,Score 3,Emotion Number 3,Mood 4,Score 4,Emotion Number 4,Mood 5,Score 5,Emotion Number 5
myre kunna,neutral,0.9951026439666748,27,approval,0.0009871020447462,4,fear,0.0008589515346102,14,sadness,0.0003599461051635,25,admiration,0.0002456296933814,0
myre kunna,neutral,0.9951026439666748,27,approval,0.0009871020447462,4,fear,0.0008589515346102,14,sadness,0.0003599461051635,25,admiration,0.0002456296933814,0
myre kunna,neutral,0.9951026439666748,27,approval,0.0009871020447462,4,fear,0.0008589515346102,14,sadness,0.0003599461051635,25,admiration,0.0002456296933814,0
myre kunna thayoli,neutral,0.9924653768539428,27,excitement,0.0013370391679927,13,approval,0.0008862394024617,4,joy,0.0006498763686977,17,sadness,0.0005116257816553,25
myre kunna thayoli,neutral,0.9924653768539428,27,excitement,0.0013370391679927,13,approval,0.0008862394024617,4,joy,0.0006498763686977,17,sadness,0.0005116257816553,25
myre kunna thayoli,neutral,0.9924653768539429,27,excitement,0.0013370391679927707,13,approval,0.000886239402461797,4,joy,0.0006498763686977327,17,sadness,0.0005116257816553116,25
